"","schoolcode","program"
"1","50112","Home Economics"
"2","70102","General Arts"
"3","50702","Business"
"4","90501","Visual Arts"
"5","51802","Home Economics"
"6","10102","General Arts"
"7","80301","General Arts"
"8","40301","General Arts"
"9","21303","Business"
"10","80101","General Arts"
"11","100201","General Science"
"12","30603","Business"
"13","80101","Business"
"14","90301","Technical"
"15","40903","General Arts"
"16","80102","General Arts"
"17","10401","General Arts"
"18","60301","Agriculture"
"19","100102","General Arts"
"20","50501","Home Economics"
"21","80201","Agriculture"
"22","51002","General Arts"
"23","50104","General Arts"
"24","31202","General Arts"
"25","70704","Agriculture"
"26","80105","Home Economics"
"27","20501","General Arts"
"28","31201","Home Economics"
"29","51401","General Arts"
"30","81001","General Arts"
"31","10402","Technical"
"32","50501","General Arts"
"33","70105","Business"
"34","50104","Visual Arts"
"35","90302","Agriculture"
"36","30801","Home Economics"
"37","40101","General Arts"
"38","10103","General Arts"
"39","80101","General Science"
"40","50501","Agriculture"
"41","50602","General Arts"
"42","40701","Technical"
"43","40304","Agriculture"
"44","50139","General Arts"
"45","80401","General Arts"
"46","50602","Business"
"47","31201","Business"
"48","70603","General Arts"
"49","40904","Business"
"50","10128","Visual Arts"
"51","50603","General Arts"
"52","30303","General Arts"
"53","70605","Home Economics"
"54","80104","Business"
"55","51802","Business"
"56","61303","Agriculture"
"57","51302","Agriculture"
"58","30504","General Arts"
"59","61201","Business"
"60","21102","Technical"
"61","90102","Agriculture"
"62","90401","General Arts"
"63","40101","Home Economics"
"64","50603","Home Economics"
"65","10502","Visual Arts"
"66","30502","Home Economics"
"67","60701","General Arts"
"68","10114","General Arts"
"69","70602","Business"
"70","30304","General Arts"
"71","31201","Agriculture"
"72","70901","Business"
"73","40701","Agriculture"
"74","90403","Agriculture"
"75","70104","General Arts"
"76","30903","General Arts"
"77","30402","Home Economics"
"78","9030401","Fashion Design"
"79","51603","Visual Arts"
"80","51401","Agriculture"
"81","51604","Agriculture"
"82","50109","Technical"
"83","10210","General Arts"
"84","9071001","Mech. Eng. Craft Pract."
"85","30501","General Arts"
"86","30106","Business"
"87","21502","Home Economics"
"88","20702","General Arts"
"89","10203","General Arts"
"90","70801","General Science"
"91","51002","Visual Arts"
"92","50106","General Arts"
"93","30601","Home Economics"
"94","40904","Home Economics"
"95","31201","General Arts"
"96","60603","Home Economics"
"97","30902","Visual Arts"
"98","20803","Business"
"99","30801","Business"
"100","10107","Home Economics"
"101","30102","General Arts"
"102","30502","General Science"
"103","80108","Home Economics"
"104","50202","Visual Arts"
"105","70901","General Arts"
"106","40701","General Arts"
"107","51202","Technical"
"108","20103","General Arts"
"109","20401","General Arts"
"110","30702","Business"
"111","50107","General Arts"
"112","30106","General Arts"
"113","70701","General Arts"
"114","20604","Home Economics"
"115","10503","Business"
"116","90101","Home Economics"
"117","51804","Agriculture"
"118","20303","Home Economics"
"119","50105","Home Economics"
"120","70505","General Arts"
"121","30702","Home Economics"
"122","30701","Business"
"123","40501","Business"
"124","60802","Home Economics"
"125","40110","Home Economics"
"126","30502","Technical"
"127","51002","Home Economics"
"128","21002","General Arts"
"129","10106","Business"
"130","80106","Home Economics"
"131","70704","Home Economics"
"132","20106","Home Economics"
"133","10115","Technical"
"134","70110","Visual Arts"
"135","10115","General Arts"
"136","90503","General Arts"
"137","60505","Home Economics"
"138","30302","Technical"
"139","30603","Home Economics"
"140","70112","Business"
"141","9010102","Fashion Design"
"142","10101","Home Economics"
"143","40604","General Arts"
"144","81201","Home Economics"
"145","70504","Home Economics"
"146","9050101","Industrial Mechanics"
"147","30601","General Arts"
"148","21007","Home Economics"
"149","21006","General Arts"
"150","80103","Business"
"151","90602","Agriculture"
"152","40108","Home Economics"
"153","30503","Agriculture"
"154","31102","Business"
"155","30106","Home Economics"
"156","20101","Technical"
"157","20901","General Arts"
"158","50504","Home Economics"
"159","30201","General Arts"
"160","31002","Business"
"161","21001","Home Economics"
"162","30802","Business"
"163","50502","General Arts"
"164","51301","General Arts"
"165","20608","Agriculture"
"166","30502","Business"
"167","30801","General Arts"
"168","30701","General Arts"
"169","9030301","Fashion Design"
"170","20203","Agriculture"
"171","40202","General Arts"
"172","9040301","Plumbing & Gas Fitting"
"173","10107","Visual Arts"
"174","40702","General Arts"
"175","50704","Visual Arts"
"176","61003","Agriculture"
"177","20410","Home Economics"
"178","9010201","Mech. Eng. Craft Pract."
"179","60301","Business"
"180","10106","Visual Arts"
"181","9040102","Fashion Design"
"182","50204","Technical"
"183","10119","Business"
"184","30105","General Arts"
"185","51101","Agriculture"
"186","100503","General Arts"
"187","60702","Home Economics"
"188","30701","Home Economics"
"189","50108","General Arts"
"190","50704","Home Economics"
"191","40501","General Arts"
"192","20804","General Arts"
"193","40102","Home Economics"
"194","20502","Technical"
"195","21004","Business"
"196","20601","General Science"
"197","90501","Agriculture"
"198","90403","Business"
"199","31001","General Arts"
"200","70303","Agriculture"
"201","31202","Home Economics"
"202","50113","Visual Arts"
"203","10302","Technical"
"204","20402","Agriculture"
"205","10114","Business"
"206","60801","Agriculture"
"207","100501","Home Economics"
"208","21002","Visual Arts"
"209","30502","Visual Arts"
"210","100501","Agriculture"
"211","60104","General Science"
"212","30501","Business"
"213","40105","Business"
"214","21503","Business"
"215","21005","General Arts"
"216","20304","Visual Arts"
"217","10116","Business"
"218","30303","Technical"
"219","20902","Agriculture"
"220","60301","Home Economics"
"221","21304","Home Economics"
"222","21202","General Arts"
"223","30108","Agriculture"
"224","30304","Business"
"225","30601","Agriculture"
"226","60303","General Arts"
"227","30304","Visual Arts"
"228","51701","Visual Arts"
"229","9071001","Block Laying & Concreting"
"230","30902","Home Economics"
"231","50602","Home Economics"
"232","100401","Home Economics"
"233","20407","Visual Arts"
"234","10116","Visual Arts"
"235","30108","Business"
"236","50901","General Arts"
"237","51602","General Arts"
"238","9010201","Welding & Fabrication"
"239","50105","General Arts"
"240","70109","Business"
"241","100304","Visual Arts"
"242","30905","Visual Arts"
"243","50901","Agriculture"
"244","20702","Home Economics"
"245","51004","General Arts"
"246","51002","Business"
"247","50802","General Arts"
"248","30602","Agriculture"
"249","9070501","Electrical Installation Works"
"250","30302","Home Economics"
"251","21306","Visual Arts"
"252","51801","Business"
"253","50702","General Arts"
"254","50802","Home Economics"
"255","51701","Home Economics"
"256","71101","General Science"
"257","20101","Visual Arts"
"258","40201","Agriculture"
"259","20202","Home Economics"
"260","60301","General Arts"
"261","80601","Technical"
"262","9070601","Electrical Installation Works"
"263","60501","General Arts"
"264","20801","Agriculture"
"265","20501","Agriculture"
"266","20203","Technical"
"267","70704","Business"
"268","10104","Visual Arts"
"269","21002","Home Economics"
"270","30101","General Science"
"271","80501","General Arts"
"272","40701","Home Economics"
"273","10501","General Arts"
"274","60601","General Arts"
"275","10401","Visual Arts"
"276","30601","Business"
"277","70805","Business"
"278","90101","General Arts"
"279","70302","Home Economics"
"280","51601","General Arts"
"281","50201","General Science"
"282","9040101","Motor Vehicle Mech."
"283","50205","Business"
"284","50113","General Arts"
"285","51301","Home Economics"
"286","70601","General Arts"
"287","9030101","Motor Vehicle Mech."
"288","30304","Home Economics"
"289","31003","Agriculture"
"290","51203","General Arts"
"291","21504","General Arts"
"292","50202","Home Economics"
"293","51801","Visual Arts"
"294","60101","General Arts"
"295","30502","General Arts"
"296","21006","Home Economics"
"297","9070601","Motor Vehicle Mech."
"298","20103","Business"
"299","30901","Home Economics"
"300","90101","Business"
"301","61301","General Arts"
"302","50601","General Arts"
"303","9090401","Electrical Installation Works"
"304","40104","General Science"
"305","30603","Agriculture"
"306","50112","Visual Arts"
"307","80501","Business"
"308","30503","Technical"
"309","30504","Business"
"310","70602","Home Economics"
"311","31203","Business"
"312","9021301","Motor Vehicle Mech."
"313","80109","General Arts"
"314","20301","General Arts"
"315","21303","Home Economics"
"316","50107","Business"
"317","10118","Visual Arts"
"318","40108","Technical"
"319","50115","General Arts"
"320","10504","General Arts"
"321","90103","General Arts"
"322","10115","Home Economics"
"323","30903","Home Economics"
"324","50203","General Arts"
"325","10106","General Arts"
"326","50401","General Arts"
"327","30106","Visual Arts"
"328","30503","Home Economics"
"329","80101","Agriculture"
"330","40601","General Arts"
"331","40904","General Arts"
"332","50301","Business"
"333","61101","Agriculture"
"334","70503","General Arts"
"335","30305","General Arts"
"336","20409","Agriculture"
"337","40111","Business"
"338","30101","Business"
"339","50202","Business"
"340","30901","General Arts"
"341","10101","General Arts"
"342","30601","Visual Arts"
"343","31002","Home Economics"
"344","50113","Business"
"345","40107","General Arts"
"346","60701","General Science"
"347","51603","Home Economics"
"348","51001","Business"
"349","80401","Agriculture"
"350","30902","Business"
"351","100304","Home Economics"
"352","50101","Home Economics"
"353","70504","General Arts"
"354","30201","Visual Arts"
"355","60104","Visual Arts"
"356","10202","Technical"
"357","9021001","Catering"
"358","9010101","Auto Body Works"
"359","51102","Home Economics"
"360","80501","Home Economics"
"361","70102","Agriculture"
"362","50201","Visual Arts"
"363","40105","General Science"
"364","60104","General Arts"
"365","70102","General Science"
"366","50301","General Arts"
"367","60901","Business"
"368","9030401","Mech. Eng. Craft Pract."
"369","40302","General Arts"
"370","70704","General Arts"
"371","50112","Technical"
"372","100102","Business"
"373","31204","Home Economics"
"374","90401","Home Economics"
"375","100102","Agriculture"
"376","61301","Home Economics"
"377","10201","Business"
"378","40701","General Science"
"379","80501","Agriculture"
"380","70705","Business"
"381","40111","General Arts"
"382","20901","Agriculture"
"383","10101","Business"
"384","10108","Home Economics"
"385","50702","Home Economics"
"386","80801","Business"
"387","20801","General Arts"
"388","10124","Business"
"389","20105","Agriculture"
"390","10101","Visual Arts"
"391","70602","General Arts"
"392","30802","Home Economics"
"393","10119","Home Economics"
"394","60104","Business"
"395","30303","Agriculture"
"396","30904","General Arts"
"397","70101","Business"
"398","61202","General Arts"
"399","30504","Agriculture"
"400","60801","Home Economics"
"401","40602","General Arts"
"402","50301","Agriculture"
"403","30504","Home Economics"
"404","51603","Agriculture"
"405","20304","General Arts"
"406","80201","General Arts"
"407","10118","Home Economics"
"408","60104","Home Economics"
"409","50601","General Science"
"410","50801","General Science"
"411","60502","Business"
"412","20601","Visual Arts"
"413","70502","Home Economics"
"414","50204","Business"
"415","10107","Business"
"416","100105","Home Economics"
"417","80104","Home Economics"
"418","9070601","Block Laying & Concreting"
"419","30401","Home Economics"
"420","20602","Visual Arts"
"421","70604","Home Economics"
"422","21004","General Arts"
"423","50105","Visual Arts"
"424","60705","Agriculture"
"425","20602","General Arts"
"426","70603","Business"
"427","40202","Home Economics"
"428","30903","Business"
"429","10121","Visual Arts"
"430","30905","General Arts"
"431","30905","General Science"
"432","60802","Agriculture"
"433","50204","General Arts"
"434","50601","Agriculture"
"435","21002","Business"
"436","30301","General Arts"
"437","9050101","Electrical Installation Works"
"438","9070601","Painting & Decorating"
"439","20401","Home Economics"
"440","61101","General Arts"
"441","20607","General Arts"
"442","50701","Home Economics"
"443","90402","General Arts"
"444","60201","General Arts"
"445","41001","General Arts"
"446","90501","Business"
"447","30606","General Arts"
"448","80701","General Arts"
"449","100105","Business"
"450","20503","Agriculture"
"451","100104","General Science"
"452","30501","Home Economics"
"453","90402","Technical"
"454","51801","Home Economics"
"455","10204","Technical"
"456","70402","General Arts"
"457","50302","Home Economics"
"458","50111","Business"
"459","60701","Business"
"460","100203","Home Economics"
"461","61202","Home Economics"
"462","30402","General Arts"
"463","20302","Visual Arts"
"464","31102","General Arts"
"465","21301","General Science"
"466","10108","General Arts"
"467","40901","General Science"
"468","30703","Agriculture"
"469","30303","Business"
"470","10114","General Science"
"471","90602","Home Economics"
"472","10108","General Science"
"473","80303","Home Economics"
"474","90303","Agriculture"
"475","10302","Business"
"476","70703","Home Economics"
"477","70504","Business"
"478","50106","General Science"
"479","40801","Agriculture"
"480","60901","Technical"
"481","20501","Business"
"482","20602","Agriculture"
"483","70502","General Arts"
"484","10109","Visual Arts"
"485","100502","Agriculture"
"486","10107","General Science"
"487","70106","General Arts"
"488","60104","Agriculture"
"489","21010","General Arts"
"490","9050101","Auto Body Works"
"491","21302","General Science"
"492","61202","Business"
"493","90301","General Arts"
"494","30401","General Arts"
"495","50402","Home Economics"
"496","30303","Visual Arts"
"497","30404","Business"
"498","40801","General Arts"
"499","50202","General Arts"
"500","9040301","Mech. Eng. Craft Pract."
"501","20603","Home Economics"
"502","100202","General Arts"
"503","100401","General Arts"
"504","20402","Business"
"505","100301","Agriculture"
"506","50204","Agriculture"
"507","10201","Home Economics"
"508","100102","Home Economics"
"509","51801","General Arts"
"510","30603","Technical"
"511","80701","Home Economics"
"512","100503","Business"
"513","30402","Business"
"514","60107","General Arts"
"515","100302","General Arts"
"516","21501","Home Economics"
"517","10119","Visual Arts"
"518","61101","Technical"
"519","40401","Agriculture"
"520","60201","Home Economics"
"521","51101","General Arts"
"522","50112","General Science"
"523","80303","Business"
"524","50801","Home Economics"
"525","100303","Agriculture"
"526","20105","Home Economics"
"527","50101","Visual Arts"
"528","80503","Business"
"529","60203","Home Economics"
"530","20803","General Arts"
"531","81302","Agriculture"
"532","70802","General Arts"
"533","80108","General Science"
"534","50502","Home Economics"
"535","21401","General Arts"
"536","40902","General Arts"
"537","100204","Home Economics"
"538","51802","General Arts"
"539","70401","General Arts"
"540","100202","General Science"
"541","20402","General Science"
"542","9090401","Block Laying & Concreting"
"543","50106","Business"
"544","20607","Agriculture"
"545","40101","Business"
"546","100302","Business"
"547","31001","Business"
"548","40111","Home Economics"
"549","70607","General Arts"
"550","9040101","Electrical Installation Works"
"551","10502","General Arts"
"552","81101","General Arts"
"553","30802","Agriculture"
"554","81301","General Arts"
"555","10116","Home Economics"
"556","60106","General Arts"
"557","20202","General Arts"
"558","60402","Business"
"559","40106","Home Economics"
"560","30202","General Arts"
"561","30702","General Arts"
"562","50204","Home Economics"
"563","10301","Home Economics"
"564","30201","Home Economics"
"565","90101","Agriculture"
"566","20602","Home Economics"
"567","80401","Business"
"568","60602","Business"
"569","10131","General Arts"
"570","10117","Home Economics"
"571","100203","Agriculture"
"572","31101","General Arts"
"573","70506","Technical"
"574","100502","General Arts"
"575","70508","General Arts"
"576","100401","Visual Arts"
"577","50103","Home Economics"
"578","9030401","Motor Vehicle Mech."
"579","100104","Home Economics"
"580","90403","General Arts"
"581","80801","General Arts"
"582","100301","General Arts"
"583","71006","Business"
"584","30106","General Science"
"585","70803","Technical"
"586","9021301","Electrical Installation Works"
"587","30110","Technical"
"588","100101","Technical"
"589","70301","Visual Arts"
"590","61203","General Arts"
"591","30503","General Arts"
"592","60901","General Arts"
"593","80402","Agriculture"
"594","80801","General Science"
"595","21502","General Arts"
"596","51401","Business"
"597","20803","Visual Arts"
"598","30905","Home Economics"
"599","60902","Agriculture"
"600","100202","Business"
"601","30101","Agriculture"
"602","61001","Home Economics"
"603","30603","Visual Arts"
"604","20104","Home Economics"
"605","40902","Home Economics"
"606","10118","Business"
"607","20403","General Arts"
"608","51101","Technical"
"609","20201","Business"
"610","70502","Agriculture"
"611","60401","Home Economics"
"612","20704","General Arts"
"613","50704","General Arts"
"614","60201","Business"
"615","80108","Agriculture"
"616","50113","Home Economics"
"617","50302","General Arts"
"618","80402","General Arts"
"619","70113","General Arts"
"620","21102","Home Economics"
"621","51201","Home Economics"
"622","10117","Business"
"623","40102","General Arts"
"624","80101","Visual Arts"
"625","10103","Business"
"626","10119","General Arts"
"627","51601","Home Economics"
"628","20601","Home Economics"
"629","50402","Technical"
"630","50504","General Arts"
"631","50701","General Arts"
"632","50205","Home Economics"
"633","50301","General Science"
"634","50704","Business"
"635","50113","General Science"
"636","50606","Visual Arts"
"637","50301","Home Economics"
"638","51003","Business"
"639","40109","Agriculture"
"640","9021101","Electrical Installation Works"
"641","30302","Business"
"642","10503","Home Economics"
"643","70603","Home Economics"
"644","40601","Business"
"645","50402","Business"
"646","50402","General Arts"
"647","80302","General Arts"
"648","90504","Technical"
"649","100106","Agriculture"
"650","90501","General Science"
"651","40111","Agriculture"
"652","51102","Business"
"653","70902","General Arts"
"654","80105","Business"
"655","30905","Agriculture"
"656","70401","Technical"
"657","21302","Business"
"658","50801","Agriculture"
"659","21001","Business"
"660","50502","General Science"
"661","9040301","Motor Vehicle Mech."
"662","30905","Business"
"663","40503","Agriculture"
"664","30305","Technical"
"665","80103","Home Economics"
"666","70901","Home Economics"
"667","40106","General Arts"
"668","30109","Home Economics"
"669","51803","General Arts"
"670","50606","Technical"
"671","90201","General Arts"
"672","70104","Home Economics"
"673","50109","General Arts"
"674","70105","Home Economics"
"675","30904","Agriculture"
"676","20406","Visual Arts"
"677","50401","Business"
"678","50304","General Arts"
"679","40402","General Arts"
"680","81302","General Arts"
"681","40401","General Arts"
"682","40601","Agriculture"
"683","21504","Business"
"684","51401","General Science"
"685","70505","General Science"
"686","40302","Agriculture"
"687","30301","Visual Arts"
"688","30303","Home Economics"
"689","60404","Business"
"690","30902","Agriculture"
"691","20303","Agriculture"
"692","70507","General Arts"
"693","50703","General Arts"
"694","50605","Business"
"695","40502","Business"
"696","90403","General Science"
"697","60402","General Science"
"698","40301","Agriculture"
"699","40303","Home Economics"
"700","40302","Home Economics"
"701","61302","Home Economics"
"702","10103","Visual Arts"
"703","40901","General Arts"
"704","21201","Agriculture"
"705","51002","Agriculture"
"706","21102","Business"
"707","21401","Home Economics"
"708","80109","Business"
"709","50103","General Science"
"710","40301","Business"
"711","20401","General Science"
"712","40502","Agriculture"
"713","40401","Business"
"714","50105","General Science"
"715","80801","Home Economics"
"716","20204","General Arts"
"717","21101","General Arts"
"718","40106","Visual Arts"
"719","40303","General Arts"
"720","21001","General Arts"
"721","40902","Business"
"722","70105","General Arts"
"723","50201","Agriculture"
"724","50101","General Arts"
"725","40304","Home Economics"
"726","10118","Agriculture"
"727","40401","Home Economics"
"728","20503","Visual Arts"
"729","21307","Agriculture"
"730","21006","General Science"
"731","31001","Agriculture"
"732","30501","Visual Arts"
"733","20606","General Arts"
"734","51401","Visual Arts"
"735","60702","General Science"
"736","71103","Business"
"737","40302","General Science"
"738","30902","General Arts"
"739","90102","Home Economics"
"740","80104","General Arts"
"741","71006","Home Economics"
"742","9030101","Mech. Eng. Craft Pract."
"743","40601","Home Economics"
"744","20502","Visual Arts"
"745","40501","Visual Arts"
"746","40304","Business"
"747","30401","Business"
"748","50203","Business"
"749","9090401","Accounting"
"750","60203","General Arts"
"751","60701","Home Economics"
"752","9040301","Electrical Installation Works"
"753","20701","Technical"
"754","20502","Home Economics"
"755","20303","Business"
"756","21303","General Arts"
"757","71102","General Arts"
"758","9070501","Block Laying & Concreting"
"759","31202","Agriculture"
"760","90102","Visual Arts"
"761","20503","Home Economics"
"762","90502","Home Economics"
"763","40402","Agriculture"
"764","50109","Home Economics"
"765","50601","Business"
"766","40401","General Science"
"767","21202","Business"
"768","80102","General Science"
"769","20102","General Arts"
"770","10205","Home Economics"
"771","40111","Visual Arts"
"772","40202","Business"
"773","40903","Agriculture"
"774","71005","General Arts"
"775","40401","Visual Arts"
"776","61301","Business"
"777","40106","Agriculture"
"778","50101","General Science"
"779","80102","Home Economics"
"780","40102","General Science"
"781","70106","Home Economics"
"782","21401","Visual Arts"
"783","20501","Home Economics"
"784","40905","Technical"
"785","61001","Business"
"786","90103","Business"
"787","21201","General Arts"
"788","30107","General Science"
"789","40904","General Science"
"790","10201","Visual Arts"
"791","40104","General Arts"
"792","50704","General Science"
"793","70605","Visual Arts"
"794","10109","Technical"
"795","40503","Technical"
"796","50101","Business"
"797","20101","General Arts"
"798","50602","General Science"
"799","50207","Business"
"800","40108","Visual Arts"
"801","40202","Agriculture"
"802","20102","General Science"
"803","9010107","Fashion Design"
"804","70501","Home Economics"
"805","40108","General Arts"
"806","50111","Visual Arts"
"807","70201","Business"
"808","9050101","Block Laying & Concreting"
"809","50109","Visual Arts"
"810","9040101","Welding & Fabrication"
"811","30901","Technical"
"812","51402","Technical"
"813","60205","Business"
"814","40302","Visual Arts"
"815","70301","General Arts"
"816","100302","Home Economics"
"817","51602","Business"
"818","71007","Technical"
"819","40303","Agriculture"
"820","40501","Home Economics"
"821","70401","Agriculture"
"822","9050101","Motor Vehicle Mech."
"823","71006","General Arts"
"824","40901","Home Economics"
"825","40112","General Arts"
"826","50203","Visual Arts"
"827","10117","Visual Arts"
"828","61302","Technical"
"829","70901","Visual Arts"
"830","9030101","Electrical Mach. Rew."
"831","20105","General Arts"
"832","10401","Home Economics"
"833","70302","Business"
"834","90501","General Arts"
"835","31101","Agriculture"
"836","20403","Agriculture"
"837","70201","General Arts"
"838","9100101","Carpentry & Joinery"
"839","70301","Home Economics"
"840","40105","General Arts"
"841","30105","Business"
"842","60501","Agriculture"
"843","50202","Agriculture"
"844","60702","General Arts"
"845","70801","General Arts"
"846","21301","General Arts"
"847","40501","Agriculture"
"848","31101","Home Economics"
"849","41102","General Arts"
"850","60801","Business"
"851","20106","Business"
"852","30305","Home Economics"
"853","30109","General Arts"
"854","50801","General Arts"
"855","51602","Home Economics"
"856","71201","General Arts"
"857","40802","Technical"
"858","50202","General Science"
"859","40103","Visual Arts"
"860","21304","Technical"
"861","60303","General Science"
"862","40903","Home Economics"
"863","9090101","Mech. Eng. Craft Pract."
"864","9040301","Carpentry & Joinery"
"865","30401","Agriculture"
"866","10201","General Arts"
"867","71201","Business"
"868","50803","Agriculture"
"869","40102","Business"
"870","30201","Business"
"871","20601","Agriculture"
"872","30110","General Arts"
"873","40801","Business"
"874","70603","General Science"
"875","40701","Business"
"876","70603","Agriculture"
"877","80301","Business"
"878","60601","Agriculture"
"879","90102","Technical"
"880","71201","General Science"
"881","71008","Technical"
"882","60601","Visual Arts"
"883","50204","Visual Arts"
"884","30703","Technical"
"885","50606","Agriculture"
"886","40103","Home Economics"
"887","50502","Business"
"888","51501","General Arts"
"889","20104","General Arts"
"890","10205","Visual Arts"
"891","30101","General Arts"
"892","21502","Business"
"893","80301","Agriculture"
"894","80501","General Science"
"895","20105","Business"
"896","70502","Business"
"897","60601","Home Economics"
"898","20803","General Science"
"899","40702","Business"
"900","80201","Business"
"901","50601","Home Economics"
"902","51202","General Arts"
"903","31201","Visual Arts"
"904","40102","Agriculture"
"905","40802","Agriculture"
"906","100105","General Arts"
"907","20202","Agriculture"
"908","10103","Home Economics"
"909","90402","Home Economics"
"910","61001","General Arts"
"911","70112","Agriculture"
"912","90201","Technical"
"913","60604","Business"
"914","50106","Home Economics"
"915","90303","Home Economics"
"916","70203","Agriculture"
"917","60404","Agriculture"
"918","21102","General Arts"
"919","10301","Visual Arts"
"920","100401","Business"
"921","71103","Home Economics"
"922","51803","Visual Arts"
"923","10403","General Arts"
"924","21201","Visual Arts"
"925","50503","Home Economics"
"926","40905","General Arts"
"927","90602","General Arts"
"928","61002","General Arts"
"929","31203","General Arts"
"930","20302","General Arts"
"931","21007","General Arts"
"932","31002","General Arts"
"933","50802","Visual Arts"
"934","31202","Business"
"935","20805","Home Economics"
"936","51001","General Arts"
"937","70801","Home Economics"
"938","50704","Agriculture"
"939","40905","Agriculture"
"940","70106","Business"
"941","60206","General Arts"
"942","10302","Home Economics"
"943","9010117","Carpentry & Joinery"
"944","70102","Business"
"945","50303","Agriculture"
"946","40103","General Arts"
"947","21501","Visual Arts"
"948","20106","General Arts"
"949","21202","Technical"
"950","10202","Home Economics"
"951","9021001","Block Laying & Concreting"
"952","40906","Agriculture"
"953","50604","Home Economics"
"954","40502","General Arts"
"955","51301","General Science"
"956","70804","Home Economics"
"957","50605","General Arts"
"958","80601","Home Economics"
"959","10114","Home Economics"
"960","21009","Business"
"961","30203","Home Economics"
"962","60301","General Science"
"963","30602","Business"
"964","9030101","Fashion Design"
"965","61203","Home Economics"
"966","31204","General Arts"
"967","70110","General Arts"
"968","80102","Agriculture"
"969","50108","Business"
"970","70109","Agriculture"
"971","20602","Business"
"972","9030301","Catering"
"973","20403","Business"
"974","50102","General Arts"
"975","71101","General Arts"
"976","10114","Visual Arts"
"977","50109","Business"
"978","100201","Business"
"979","100502","Home Economics"
"980","50501","General Science"
"981","30501","General Science"
"982","20606","Technical"
"983","50113","Technical"
"984","50707","Home Economics"
"985","21502","General Science"
"986","10120","Home Economics"
"987","80101","Home Economics"
"988","40601","General Science"
"989","51701","General Arts"
"990","10118","General Arts"
"991","70105","Agriculture"
"992","60801","General Science"
"993","20601","Business"
"994","71202","Home Economics"
"995","50111","General Arts"
"996","31003","Business"
"997","50804","Agriculture"
"998","60101","Technical"
"999","70201","Home Economics"
"1000","50605","Home Economics"
"1001","51701","General Science"
"1002","51603","General Arts"
"1003","80802","Agriculture"
"1004","50107","Visual Arts"
"1005","70601","Business"
"1006","31204","Agriculture"
"1007","10112","General Arts"
"1008","9030101","Furniture Craft"
"1009","60301","Visual Arts"
"1010","50103","General Arts"
"1011","40107","Visual Arts"
"1012","30301","Business"
"1013","31001","Home Economics"
"1014","21008","Technical"
"1015","40201","General Arts"
"1016","20607","Business"
"1017","90405","Agriculture"
"1018","20402","Home Economics"
"1019","71009","General Arts"
"1020","50503","General Arts"
"1021","70114","Technical"
"1022","9070601","Carpentry & Joinery"
"1023","21502","Visual Arts"
"1024","60303","Home Economics"
"1025","50503","Agriculture"
"1026","71004","Agriculture"
"1027","40603","General Arts"
"1028","50102","Home Economics"
"1029","30103","General Science"
"1030","90601","General Arts"
"1031","9040101","Refrigeration & Air Cond."
"1032","70703","General Arts"
"1033","30102","General Science"
"1034","51201","General Arts"
"1035","50107","Home Economics"
"1036","50702","Agriculture"
"1037","30107","General Arts"
"1038","21201","Business"
"1039","20804","Business"
"1040","80105","Visual Arts"
"1041","70101","General Arts"
"1042","21501","General Arts"
"1043","20201","General Arts"
"1044","30102","Visual Arts"
"1045","40603","Agriculture"
"1046","10502","General Science"
"1047","80502","General Arts"
"1048","10128","Home Economics"
"1049","31204","Technical"
"1050","41101","General Arts"
"1051","60402","Home Economics"
"1052","40107","Business"
"1053","9070601","Mech. Eng. Craft Pract."
"1054","30703","Home Economics"
"1055","60201","Visual Arts"
"1056","60105","General Arts"
"1057","60106","General Science"
"1058","50115","Home Economics"
"1059","10106","Home Economics"
"1060","40801","Home Economics"
"1061","60102","General Arts"
"1062","9030101","Catering"
"1063","70503","Home Economics"
"1064","10120","Technical"
"1065","31001","Visual Arts"
"1066","30703","General Arts"
"1067","40105","Home Economics"
"1068","50504","Business"
"1069","10205","General Arts"
"1070","50112","Business"
"1071","40901","Business"
"1072","50302","Business"
"1073","61003","General Arts"
"1074","70604","Business"
"1075","9090101","Electrical Installation Works"
"1076","9010301","Electrical Installation Works"
"1077","21505","Home Economics"
"1078","40112","Home Economics"
"1079","9050106","Catering"
"1080","10112","Home Economics"
"1081","80107","General Arts"
"1082","21503","Home Economics"
"1083","90401","Business"
"1084","40702","Agriculture"
"1085","41102","Business"
"1086","51605","Home Economics"
"1087","40101","Visual Arts"
"1088","30904","Home Economics"
"1089","90103","Agriculture"
"1090","9021301","Block Laying & Concreting"
"1091","20801","Visual Arts"
"1092","40202","General Science"
"1093","70501","General Arts"
"1094","50201","Home Economics"
"1095","100303","Home Economics"
"1096","10102","Home Economics"
"1097","80902","Agriculture"
"1098","60703","Technical"
"1099","20404","Home Economics"
"1100","70502","Technical"
"1101","21101","Business"
"1102","21003","General Arts"
"1103","20401","Agriculture"
"1104","70502","General Science"
"1105","50115","Business"
"1106","51602","General Science"
"1107","30602","Home Economics"
"1108","9070501","Mech. Eng. Craft Pract."
"1109","30403","General Arts"
"1110","50114","General Arts"
"1111","9020101","Block Laying & Concreting"
"1112","50206","General Arts"
"1113","70507","Visual Arts"
"1114","10125","General Arts"
"1115","21003","Business"
"1116","60601","General Science"
"1117","50108","Visual Arts"
"1118","31003","Home Economics"
"1119","9070501","Motor Vehicle Mech."
"1120","70104","Business"
"1121","90101","Visual Arts"
"1122","51501","Agriculture"
"1123","70506","Business"
"1124","40202","Technical"
"1125","50502","Visual Arts"
"1126","50705","Agriculture"
"1127","100402","Agriculture"
"1128","60402","General Arts"
"1129","70102","Visual Arts"
"1130","51802","Visual Arts"
"1131","21302","General Arts"
"1132","10110","General Arts"
"1133","9020101","Motor Vehicle Mech."
"1134","30103","Home Economics"
"1135","40110","Business"
"1136","50705","General Arts"
"1137","9020101","Painting & Decorating"
"1138","70505","Home Economics"
"1139","41001","Technical"
"1140","71010","General Arts"
"1141","20201","Technical"
"1142","60202","Business"
"1143","40604","Business"
"1144","21006","Business"
"1145","60502","General Arts"
"1146","80202","Visual Arts"
"1147","50139","Home Economics"
"1148","9010201","Electrical Installation Works"
"1149","60403","Business"
"1150","70607","Technical"
"1151","50115","Visual Arts"
"1152","21302","Home Economics"
"1153","21004","Home Economics"
"1154","51803","Business"
"1155","9050101","Radio, TV & Electronics"
"1156","30202","Business"
"1157","50801","Business"
"1158","10120","Visual Arts"
"1159","21103","General Arts"
"1160","70703","General Science"
"1161","40301","Home Economics"
"1162","50205","Technical"
"1163","20608","General Arts"
"1164","50110","Business"
"1165","20604","General Arts"
"1166","21401","Business"
"1167","41002","Home Economics"
"1168","70402","Agriculture"
"1169","10109","Home Economics"
"1170","21004","General Science"
"1171","60304","Technical"
"1172","51402","Home Economics"
"1173","51802","Agriculture"
"1174","20503","General Arts"
"1175","20409","General Arts"
"1176","21402","General Arts"
"1177","50307","Home Economics"
"1178","51606","Agriculture"
"1179","40105","Visual Arts"
"1180","40503","General Arts"
"1181","21101","Home Economics"
"1182","61204","General Arts"
"1183","31206","Agriculture"
"1184","70605","General Arts"
"1185","30109","Visual Arts"
"1186","20104","Visual Arts"
"1187","70701","Business"
"1188","50205","Visual Arts"
"1189","20805","Agriculture"
"1190","9030101","Carpentry & Joinery"
"1191","70401","Business"
"1192","40402","Business"
"1193","50105","Business"
"1194","80303","General Arts"
"1195","30105","Home Economics"
"1196","50501","Business"
"1197","30108","Technical"
"1198","20102","Business"
"1199","60601","Business"
"1200","21502","Agriculture"
"1201","20401","Visual Arts"
"1202","31204","Business"
"1203","60206","Technical"
"1204","10502","Business"
"1205","10111","Visual Arts"
"1206","70602","Visual Arts"
"1207","9010104","Motor Vehicle Mech."
"1208","20407","Home Economics"
"1209","30301","Home Economics"
"1210","80601","General Science"
"1211","9040101","Mech. Eng. Craft Pract."
"1212","50301","Visual Arts"
"1213","80601","General Arts"
"1214","40902","General Science"
"1215","20406","General Arts"
"1216","61201","Home Economics"
"1217","9010111","Home Economics"
"1218","10106","Technical"
"1219","10117","General Arts"
"1220","70802","Agriculture"
"1221","21503","General Arts"
"1222","51601","Business"
"1223","21301","Visual Arts"
"1224","70110","Technical"
"1225","51203","Business"
"1226","10202","General Arts"
"1227","60106","Agriculture"
"1228","10402","Business"
"1229","51102","Visual Arts"
"1230","61201","General Arts"
"1231","9010117","Catering"
"1232","71101","Home Economics"
"1233","40201","Visual Arts"
"1234","70402","Business"
"1235","21006","Agriculture"
"1236","30110","Business"
"1237","50201","General Arts"
"1238","80106","Technical"
"1239","40906","Technical"
"1240","20703","Agriculture"
"1241","40111","General Science"
"1242","10108","Business"
"1243","20202","Business"
"1244","20603","Technical"
"1245","10104","General Arts"
"1246","9100101","Fashion Design"
"1247","81302","Business"
"1248","51204","Business"
"1249","50103","Visual Arts"
"1250","50705","Home Economics"
"1251","21402","Visual Arts"
"1252","90301","Home Economics"
"1253","90503","Agriculture"
"1254","60201","Agriculture"
"1255","21004","Agriculture"
"1256","70401","Home Economics"
"1257","50604","Agriculture"
"1258","9050101","Upholstery"
"1259","10142","Business"
"1260","71001","General Arts"
"1261","90303","General Arts"
"1262","70604","General Arts"
"1263","10117","General Science"
"1264","70509","General Arts"
"1265","20703","General Arts"
"1266","60101","Visual Arts"
"1267","60502","Home Economics"
"1268","90302","General Arts"
"1269","90401","General Science"
"1270","50102","Business"
"1271","10101","Agriculture"
"1272","9010101","Welding & Fabrication"
"1273","90302","Home Economics"
"1274","50707","Business"
"1275","90601","Home Economics"
"1276","50105","Agriculture"
"1277","20802","Home Economics"
"1278","20303","General Arts"
"1279","60304","Home Economics"
"1280","51402","Agriculture"
"1281","61204","Agriculture"
"1282","70704","Visual Arts"
"1283","100101","General Arts"
"1284","71103","General Arts"
"1285","21503","Agriculture"
"1286","60501","Business"
"1287","61001","Agriculture"
"1288","60103","Agriculture"
"1289","60303","Agriculture"
"1290","21305","Technical"
"1291","51001","General Science"
"1292","21304","General Arts"
"1293","60702","Technical"
"1294","31102","Agriculture"
"1295","70506","Agriculture"
"1296","80802","Home Economics"
"1297","51002","General Science"
"1298","21601","General Arts"
"1299","21201","Home Economics"
"1300","20305","Technical"
"1301","51301","Business"
"1302","10202","Visual Arts"
"1303","60901","General Science"
"1304","50802","Business"
"1305","21203","Home Economics"
"1306","9040101","Block Laying & Concreting"
"1307","50119","General Arts"
"1308","21303","Agriculture"
"1309","21201","General Science"
"1310","10110","General Science"
"1311","90505","General Science"
"1312","40302","Business"
"1313","20301","General Science"
"1314","10203","Visual Arts"
"1315","30105","Visual Arts"
"1316","10107","General Arts"
"1317","60604","General Arts"
"1318","30401","Visual Arts"
"1319","21402","Business"
"1320","20407","Technical"
"1321","10401","Business"
"1322","51003","General Arts"
"1323","70508","Home Economics"
"1324","20203","Visual Arts"
"1325","60802","Visual Arts"
"1326","51604","Home Economics"
"1327","21505","Visual Arts"
"1328","40104","Technical"
"1329","10301","General Arts"
"1330","10203","Home Economics"
"1331","40103","Business"
"1332","20203","General Arts"
"1333","50203","Agriculture"
"1334","60101","Business"
"1335","80107","General Science"
"1336","100106","Business"
"1337","20304","Home Economics"
"1338","30904","Business"
"1339","20201","General Science"
"1340","51202","Home Economics"
"1341","51203","Agriculture"
"1342","21307","General Arts"
"1343","10203","Agriculture"
"1344","10504","Visual Arts"
"1345","21104","Business"
"1346","10504","Technical"
"1347","21005","Business"
"1348","50804","Home Economics"
"1349","9050101","Welding & Fabrication"
"1350","21402","Home Economics"
"1351","50703","Visual Arts"
"1352","20304","Agriculture"
"1353","50106","Visual Arts"
"1354","20404","General Arts"
"1355","10403","Business"
"1356","21306","General Arts"
"1357","40106","Business"
"1358","30701","Technical"
"1359","70701","Visual Arts"
"1360","20901","Business"
"1361","50901","General Science"
"1362","51601","Visual Arts"
"1363","9030101","Block Laying & Concreting"
"1364","61001","General Science"
"1365","71101","Business"
"1366","9100101","Electrical Installation Works"
"1367","20302","Home Economics"
"1368","90501","Home Economics"
"1369","20601","General Arts"
"1370","80301","General Science"
"1371","21008","Agriculture"
"1372","70503","Business"
"1373","61302","General Arts"
"1374","10210","Visual Arts"
"1375","40108","General Science"
"1376","10118","General Science"
"1377","20902","General Arts"
"1378","10121","Business"
"1379","80502","Agriculture"
"1380","20103","Home Economics"
"1381","70108","General Arts"
"1382","10121","Agriculture"
"1383","30110","Visual Arts"
"1384","21005","Home Economics"
"1385","90101","General Science"
"1386","70101","Visual Arts"
"1387","51201","Business"
"1388","20302","Agriculture"
"1389","81202","Agriculture"
"1390","100302","General Science"
"1391","10503","Agriculture"
"1392","60702","Agriculture"
"1393","100103","General Arts"
"1394","10401","Agriculture"
"1395","9090401","Mech. Eng. Craft Pract."
"1396","90405","General Arts"
"1397","50501","Visual Arts"
"1398","90303","Business"
"1399","100104","General Arts"
"1400","40109","Home Economics"
"1401","100402","Home Economics"
"1402","50604","Visual Arts"
"1403","10117","Agriculture"
"1404","70703","Business"
"1405","20405","Technical"
"1406","31002","Agriculture"
"1407","9021301","Mech. Eng. Craft Pract."
"1408","51501","Visual Arts"
"1409","70802","Home Economics"
"1410","20805","Business"
"1411","100501","Technical"
"1412","71010","Agriculture"
"1413","60701","Visual Arts"
"1414","71007","Business"
"1415","70102","Home Economics"
"1416","9090101","Block Laying & Concreting"
"1417","21505","Technical"
"1418","10504","Home Economics"
"1419","60901","Home Economics"
"1420","21301","Home Economics"
"1421","70604","Agriculture"
"1422","90602","Technical"
"1423","10103","Agriculture"
"1424","20501","Visual Arts"
"1425","10135","Home Economics"
"1426","60801","General Arts"
"1427","61002","Technical"
"1428","31002","Technical"
"1429","51606","Home Economics"
"1430","60505","Business"
"1431","9090401","Fashion Design"
"1432","61004","Technical"
"1433","70104","Agriculture"
"1434","20204","Home Economics"
"1435","80102","Business"
"1436","51101","Home Economics"
"1437","20202","Visual Arts"
"1438","20301","Business"
"1439","9030101","Painting & Decorating"
"1440","80105","Agriculture"
"1441","21504","Agriculture"
"1442","60802","General Arts"
"1443","20606","Home Economics"
"1444","50104","Business"
"1445","60402","Agriculture"
"1446","20801","Home Economics"
"1447","9020101","Carpentry & Joinery"
"1448","21305","Home Economics"
"1449","70107","General Arts"
"1450","20305","Visual Arts"
"1451","80109","General Science"
"1452","70501","Agriculture"
"1453","20801","Business"
"1454","50601","Visual Arts"
"1455","60304","Business"
"1456","71101","Agriculture"
"1457","20301","Home Economics"
"1458","30103","Business"
"1459","10503","Visual Arts"
"1460","50114","Home Economics"
"1461","60107","Business"
"1462","60703","General Arts"
"1463","30108","Home Economics"
"1464","71001","Business"
"1465","21202","General Science"
"1466","21305","General Arts"
"1467","30103","Visual Arts"
"1468","41101","Agriculture"
"1469","100201","General Arts"
"1470","50701","Business"
"1471","20602","General Science"
"1472","50307","Business"
"1473","80201","Home Economics"
"1474","10104","Home Economics"
"1475","71105","Agriculture"
"1476","80302","Agriculture"
"1477","80503","General Arts"
"1478","80106","General Arts"
"1479","71004","General Arts"
"1480","60102","Business"
"1481","100401","General Science"
"1482","80901","General Arts"
"1483","50111","Agriculture"
"1484","20803","Home Economics"
"1485","60202","General Arts"
"1486","100101","Home Economics"
"1487","20104","Agriculture"
"1488","71008","Home Economics"
"1489","40903","Business"
"1490","30203","Technical"
"1491","60902","Business"
"1492","90402","General Science"
"1493","20401","Business"
"1494","30203","Business"
"1495","70702","Business"
"1496","50703","Home Economics"
"1497","20902","Home Economics"
"1498","51701","Agriculture"
"1499","20104","Business"
"1500","70104","Visual Arts"
"1501","40905","Home Economics"
"1502","50702","Visual Arts"
"1503","71001","Agriculture"
"1504","10142","General Arts"
"1505","80701","Business"
"1506","70604","General Science"
"1507","31201","General Science"
"1508","10205","Business"
"1509","20104","General Science"
"1510","71003","General Arts"
"1511","61301","Visual Arts"
"1512","21402","Agriculture"
"1513","70702","Visual Arts"
"1514","50307","General Arts"
"1515","60604","Agriculture"
"1516","61202","Agriculture"
"1517","21504","Home Economics"
"1518","100102","General Science"
"1519","20402","General Arts"
"1520","20704","Business"
"1521","70401","General Science"
"1522","10301","Agriculture"
"1523","30202","Agriculture"
"1524","20410","General Arts"
"1525","21401","General Science"
"1526","20408","Visual Arts"
"1527","70302","Agriculture"
"1528","60505","General Arts"
"1529","41101","Home Economics"
"1530","20302","Business"
"1531","20408","Agriculture"
"1532","81202","General Arts"
"1533","10115","General Science"
"1534","40109","Technical"
"1535","10141","General Arts"
"1536","20609","Business"
"1537","30107","Business"
"1538","61005","General Arts"
"1539","70101","Home Economics"
"1540","60603","Technical"
"1541","30401","General Science"
"1542","80201","General Science"
"1543","10210","Home Economics"
"1544","30203","Visual Arts"
"1545","60302","Home Economics"
"1546","20403","Home Economics"
"1547","30305","Visual Arts"
"1548","70602","Agriculture"
"1549","20403","General Science"
"1550","71006","Visual Arts"
"1551","9010101","Mech. Eng. Craft Pract."
"1552","61203","General Science"
"1553","20405","Home Economics"
"1554","21104","Agriculture"
"1555","30305","Business"
"1556","20805","General Arts"
"1557","50705","Technical"
"1558","9020101","Electrical Installation Works"
"1559","20606","Agriculture"
"1560","21307","Technical"
"1561","21601","Business"
"1562","10213","Visual Arts"
"1563","20407","Agriculture"
"1564","10213","Home Economics"
"1565","90405","Home Economics"
"1566","30603","General Arts"
"1567","30903","General Science"
"1568","61101","Home Economics"
"1569","9021002","Motor Vehicle Mech."
"1570","9070501","Secretarial"
"1571","40402","Home Economics"
"1572","10502","Agriculture"
"1573","60103","Home Economics"
"1574","41101","Technical"
"1575","10142","Visual Arts"
"1576","100102","Visual Arts"
"1577","20102","Visual Arts"
"1578","50108","General Science"
"1579","71005","General Science"
"1580","10112","Business"
"1581","50143","General Arts"
"1582","61303","Business"
"1583","51602","Visual Arts"
"1584","50110","General Arts"
"1585","10501","Visual Arts"
"1586","81102","Agriculture"
"1587","9030101","Refrigeration & Air Cond."
"1588","70506","General Arts"
"1589","60703","Home Economics"
"1590","50102","General Science"
"1591","40301","General Science"
"1592","51102","General Science"
"1593","70303","General Arts"
"1594","40201","Business"
"1595","10106","General Science"
"1596","51604","Technical"
"1597","10204","Agriculture"
"1598","40102","Visual Arts"
"1599","10119","General Science"
"1600","21103","General Science"
"1601","70204","Business"
"1602","60102","Agriculture"
"1603","20604","Agriculture"
"1604","40304","General Arts"
"1605","9010115","Hair Dressing"
"1606","40903","General Science"
"1607","30703","Business"
"1608","9070501","Fashion Design"
"1609","9070601","Accounting"
"1610","20702","General Science"
"1611","50703","Business"
"1612","70119","Agriculture"
"1613","70109","General Arts"
"1614","51102","General Arts"
"1615","60105","Agriculture"
"1616","100304","Business"
"1617","70110","Home Economics"
"1618","20603","General Arts"
"1619","70803","Agriculture"
"1620","71201","Home Economics"
"1621","50110","General Science"
"1622","50503","General Science"
"1623","20106","Visual Arts"
"1624","81301","Home Economics"
"1625","80701","Agriculture"
"1626","61003","Business"
"1627","50114","Business"
"1628","71006","General Science"
"1629","70401","Visual Arts"
"1630","31101","Business"
"1631","70804","Technical"
"1632","30105","General Science"
"1633","70113","Agriculture"
"1634","20408","General Arts"
"1635","10101","General Science"
"1636","9040101","Plumbing & Gas Fitting"
"1637","40501","General Science"
"1638","9021101","Block Laying & Concreting"
"1639","20402","Visual Arts"
"1640","70601","Agriculture"
"1641","10202","General Science"
"1642","70506","Home Economics"
"1643","70111","Technical"
"1644","9021002","Accounting"
"1645","31205","Business"
"1646","70501","Visual Arts"
"1647","70502","Visual Arts"
"1648","100301","Home Economics"
"1649","81001","Agriculture"
"1650","50304","Technical"
"1651","51701","Business"
"1652","50113","Agriculture"
"1653","10131","Business"
"1654","20804","Technical"
"1655","50201","Business"
"1656","9040103","Fashion Design"
"1657","10110","Home Economics"
"1658","21004","Visual Arts"
"1659","40110","General Arts"
"1660","71010","Home Economics"
"1661","9070901","Electrical Installation Works"
"1662","10302","General Arts"
"1663","31101","General Science"
"1664","70901","General Science"
"1665","90201","Home Economics"
"1666","21501","Business"
"1667","10121","General Arts"
"1668","30907","General Arts"
"1669","40107","General Science"
"1670","51602","Agriculture"
"1671","9010102","Accounting"
"1672","70902","Home Economics"
"1673","80202","Agriculture"
"1674","70804","Business"
"1675","60403","General Arts"
"1676","9010201","Industrial Mechanics"
"1677","100203","Technical"
"1678","60101","Home Economics"
"1679","60206","Home Economics"
"1680","21501","General Science"
"1681","51202","Business"
"1682","21202","Agriculture"
"1683","21001","Visual Arts"
"1684","20704","Agriculture"
"1685","30302","General Arts"
"1686","60205","General Arts"
"1687","80106","Visual Arts"
"1688","71105","Technical"
"1689","20606","Business"
"1690","41002","Agriculture"
"1691","70702","Home Economics"
"1692","10501","Home Economics"
"1693","60204","Home Economics"
"1694","30601","General Science"
"1695","60702","Business"
"1696","10105","Visual Arts"
"1697","10133","Home Economics"
"1698","60205","Agriculture"
"1699","70301","General Science"
"1700","70301","Business"
"1701","50604","Business"
"1702","70501","Business"
"1703","30301","Agriculture"
"1704","71201","Visual Arts"
"1705","21302","Visual Arts"
"1706","10103","General Science"
"1707","71202","Agriculture"
"1708","10204","Visual Arts"
"1709","20410","Visual Arts"
"1710","21203","General Arts"
"1711","80110","Business"
"1712","10204","Home Economics"
"1713","20606","Visual Arts"
"1714","80402","Business"
"1715","60205","Home Economics"
"1716","20409","Home Economics"
"1717","10501","Business"
"1718","20404","Technical"
"1719","70505","Agriculture"
"1720","10501","General Science"
"1721","51402","General Arts"
"1722","50707","General Arts"
"1723","51204","Home Economics"
"1724","20501","General Science"
"1725","70902","Agriculture"
"1726","9020301","Catering"
"1727","21503","General Science"
"1728","60302","General Arts"
"1729","71202","General Arts"
"1730","40112","Business"
"1731","70702","General Arts"
"1732","60602","Agriculture"
"1733","40602","Technical"
"1734","60501","General Science"
"1735","21305","Business"
"1736","21002","General Science"
"1737","70106","Visual Arts"
"1738","70902","Business"
"1739","81001","Business"
"1740","70203","Business"
"1741","81301","General Science"
"1742","9050107","Fashion Design"
"1743","61202","General Science"
"1744","30104","General Arts"
"1745","30302","General Science"
"1746","9030401","Electrical Installation Works"
"1747","50304","Business"
"1748","9010101","Small Eng. Repairs"
"1749","20303","General Science"
"1750","80302","Business"
"1751","71201","Agriculture"
"1752","81201","Business"
"1753","80107","Agriculture"
"1754","50706","Visual Arts"
"1755","10108","Visual Arts"
"1756","71004","General Science"
"1757","9060104","Motor Vehicle Mech."
"1758","100402","Technical"
"1759","60106","Business"
"1760","10105","General Science"
"1761","90503","Business"
"1762","30105","Agriculture"
"1763","21104","Home Economics"
"1764","60105","Home Economics"
"1765","40103","General Science"
"1766","9090101","Plumbing & Gas Fitting"
"1767","50206","Business"
"1768","10141","General Science"
"1769","60203","Agriculture"
"1770","100106","General Arts"
"1771","90507","Technical"
"1772","60401","General Arts"
"1773","9021101","Mech. Eng. Craft Pract."
"1774","60206","Business"
"1775","50107","Agriculture"
"1776","10102","General Science"
"1777","50401","General Science"
"1778","10402","Agriculture"
"1779","50901","Home Economics"
"1780","81102","General Arts"
"1781","60603","General Arts"
"1782","51604","Visual Arts"
"1783","70801","Visual Arts"
"1784","30201","General Science"
"1785","70606","Home Economics"
"1786","51004","Home Economics"
"1787","30102","Business"
"1788","50104","Agriculture"
"1789","20305","Home Economics"
"1790","9070601","Welding & Fabrication"
"1791","100204","Business"
"1792","80902","General Arts"
"1793","60404","Home Economics"
"1794","20201","Visual Arts"
"1795","30109","Business"
"1796","70602","General Science"
"1797","51605","Technical"
"1798","51606","General Arts"
"1799","60303","Visual Arts"
"1800","30103","General Arts"
"1801","90502","Technical"
"1802","60502","General Science"
"1803","70403","General Arts"
"1804","51204","General Arts"
"1805","31205","General Arts"
"1806","9071001","Fashion Design"
"1807","20901","General Science"
"1808","70119","Business"
"1809","80802","Visual Arts"
"1810","10128","General Arts"
"1811","50107","General Science"
"1812","20901","Visual Arts"
"1813","10111","Agriculture"
"1814","30801","General Science"
"1815","20410","Business"
"1816","30110","Home Economics"
"1817","50203","General Science"
"1818","21009","General Arts"
"1819","10509","General Arts"
"1820","71102","Business"
"1821","60302","Agriculture"
"1822","60801","Visual Arts"
"1823","60204","Business"
"1824","21202","Home Economics"
"1825","70103","General Science"
"1826","20805","Visual Arts"
"1827","50207","Agriculture"
"1828","20802","Technical"
"1829","50901","Visual Arts"
"1830","41001","Home Economics"
"1831","31202","Technical"
"1832","20603","Business"
"1833","10116","General Arts"
"1834","50403","General Arts"
"1835","90506","Agriculture"
"1836","9090401","Catering"
"1837","50902","Business"
"1838","31206","Business"
"1839","40902","Agriculture"
"1840","10112","Visual Arts"
"1841","9050101","Carpentry & Joinery"
"1842","50403","Agriculture"
"1843","70109","Home Economics"
"1844","30203","Agriculture"
"1845","10112","General Science"
"1846","90202","Business"
"1847","9010107","Catering"
"1848","9010301","Block Laying & Concreting"
"1849","50119","Agriculture"
"1850","9050101","Electrical Mach. Rew."
"1851","51206","General Arts"
"1852","21103","Home Economics"
"1853","41101","General Science"
"1854","70802","Technical"
"1855","20404","Visual Arts"
"1856","70113","Business"
"1857","51103","General Arts"
"1858","81302","Visual Arts"
"1859","81301","Business"
"1860","20405","Visual Arts"
"1861","60302","Visual Arts"
"1862","90403","Visual Arts"
"1863","9010102","Carpentry & Joinery"
"1864","60206","Agriculture"
"1865","70803","General Arts"
"1866","50303","General Arts"
"1867","61001","Visual Arts"
"1868","70203","Technical"
"1869","51103","Technical"
"1870","51206","Agriculture"
"1871","70103","Home Economics"
"1872","21303","Visual Arts"
"1873","10105","General Arts"
"1874","10403","Agriculture"
"1875","51202","Agriculture"
"1876","50115","General Science"
"1877","21005","Technical"
"1878","70606","Technical"
"1879","21001","General Science"
"1880","60101","General Science"
"1881","9060103","Electrical Installation Works"
"1882","71004","Home Economics"
"1883","9030401","Painting & Decorating"
"1884","71001","Home Economics"
"1885","51003","Home Economics"
"1886","80901","Agriculture"
"1887","80101","Technical"
"1888","20101","General Science"
"1889","70110","Agriculture"
"1890","61004","General Arts"
"1891","80902","General Science"
"1892","50803","Technical"
"1893","71010","Visual Arts"
"1894","51201","Agriculture"
"1895","50706","Technical"
"1896","71008","General Arts"
"1897","70607","Home Economics"
"1898","70114","Agriculture"
"1899","70503","Visual Arts"
"1900","61302","General Science"
"1901","70703","Visual Arts"
"1902","10302","Agriculture"
"1903","60503","Business"
"1904","40603","Business"
"1905","20703","Business"
"1906","70110","General Science"
"1907","60103","Visual Arts"
"1908","9060501","Block Laying & Concreting"
"1909","9021001","Carpentry & Joinery"
"1910","70902","Technical"
"1911","9060901","Electrical Installation Works"
"1912","61301","General Science"
"1913","20405","General Arts"
"1914","50502","Agriculture"
"1915","51605","Agriculture"
"1916","51803","General Science"
"1917","10206","Visual Arts"
"1918","9070601","Agric. Mechanics"
"1919","71009","Business"
"1920","60504","General Arts"
"1921","10213","Business"
"1922","30403","Agriculture"
"1923","9010301","Carpentry & Joinery"
"1924","30104","Technical"
"1925","50104","General Science"
"1926","9021301","Carpentry & Joinery"
"1927","9030401","Block Laying & Concreting"
"1928","20103","General Science"
"1929","9070501","Painting & Decorating"
"1930","61101","Business"
"1931","71005","Business"
"1932","51804","General Arts"
"1933","10210","Business"
"1934","50205","Agriculture"
"1935","10206","Business"
"1936","70705","General Arts"
"1937","70114","Business"
"1938","50605","General Science"
"1939","9030401","Carpentry & Joinery"
"1940","10213","General Arts"
"1941","51803","Home Economics"
"1942","9010114","Catering"
"1943","70508","Business"
"1944","40101","General Science"
"1945","9071001","Carpentry & Joinery"
"1946","70101","General Science"
"1947","9050101","Plumbing & Gas Fitting"
"1948","80106","Agriculture"
"1949","31206","General Arts"
"1950","50707","Visual Arts"
"1951","10121","General Science"
"1952","9010105","Electrical Installation Works"
"1953","50701","General Science"
"1954","21003","General Science"
"1955","30702","General Science"
"1956","70705","Home Economics"
"1957","50803","Home Economics"
"1958","50902","Home Economics"
"1959","80401","General Science"
"1960","50114","General Science"
"1961","51603","Business"
"1962","10111","General Arts"
"1963","21005","Visual Arts"
"1964","80202","Home Economics"
"1965","40101","Agriculture"
"1966","51201","General Science"
"1967","21301","Agriculture"
"1968","20608","Business"
"1969","70105","Visual Arts"
"1970","41002","Business"
"1971","10205","General Science"
"1972","21009","Visual Arts"
"1973","9010201","Motor Vehicle Mech."
"1974","10115","Visual Arts"
"1975","70601","General Science"
"1976","70604","Visual Arts"
"1977","51802","General Science"
"1978","9030401","Plumbing & Gas Fitting"
"1979","51205","Home Economics"
"1980","70202","Agriculture"
"1981","50129","Business"
"1982","81101","Home Economics"
"1983","40905","Business"
"1984","9040103","Catering"
"1985","21007","Business"
"1986","50703","General Science"
"1987","10402","Visual Arts"
"1988","10401","General Science"
"1989","20301","Visual Arts"
"1990","40602","Home Economics"
"1991","31001","General Science"
"1992","10501","Agriculture"
"1993","10110","Visual Arts"
"1994","70607","Visual Arts"
"1995","60201","General Science"
"1996","70204","General Arts"
"1997","60304","General Arts"
"1998","90202","General Arts"
"1999","90405","Visual Arts"
"2000","9010101","Plumbing & Gas Fitting"
"2001","70108","Business"
"2002","81201","General Arts"
"2003","51103","Home Economics"
"2004","71101","Visual Arts"
"2005","50207","General Arts"
"2006","90504","Agriculture"
"2007","20106","Agriculture"
"2008","51702","Agriculture"
"2009","51302","Business"
"2010","10201","General Science"
"2011","9030401","Small Eng. Repairs"
"2012","60404","General Arts"
"2013","21101","Visual Arts"
"2014","9010120","Motor Vehicle Mech."
"2015","21104","General Arts"
"2016","60204","Visual Arts"
"2017","20305","Agriculture"
"2018","9010301","Fashion Design"
"2019","80902","Home Economics"
"2020","71010","Business"
"2021","51205","Agriculture"
"2022","71002","Agriculture"
"2023","21202","Visual Arts"
"2024","9010204","Catering"
"2025","71202","Business"
"2026","21101","Agriculture"
"2027","60105","Business"
"2028","50302","General Science"
"2029","61102","Agriculture"
"2030","9010102","Hair Dressing"
"2031","70507","Home Economics"
"2032","70201","General Science"
"2033","61201","General Science"
"2034","70703","Agriculture"
"2035","70803","Home Economics"
"2036","61303","General Arts"
"2037","20801","General Science"
"2038","51202","General Science"
"2039","90505","General Arts"
"2040","100204","General Arts"
"2041","31206","Home Economics"
"2042","10111","Business"
"2043","70104","General Science"
"2044","9090101","Carpentry & Joinery"
"2045","70603","Visual Arts"
"2046","21203","Agriculture"
"2047","9080103","Secretarial"
"2048","60204","Agriculture"
"2049","50111","General Science"
"2050","51804","Business"
"2051","21008","General Arts"
"2052","10402","Home Economics"
"2053","9050104","Motor Vehicle Mech."
"2054","70107","Visual Arts"
"2055","51204","Agriculture"
"2056","9050101","Fashion Design"
"2057","21403","Business"
"2058","71003","Agriculture"
"2059","51205","General Arts"
"2060","30107","Home Economics"
"2061","9090401","Secretarial"
"2062","50403","Business"
"2063","9071002","Electrical Mach. Rew."
"2064","40303","Technical"
"2065","71103","Visual Arts"
"2066","50139","Business"
"2067","9010103","Radio, TV & Electronics"
"2068","9010115","Catering"
"2069","20502","General Science"
"2070","60108","General Arts"
"2071","70501","General Science"
"2072","30301","General Science"
"2073","21301","Business"
"2074","50307","Visual Arts"
"2075","9021201","Fashion Design"
"2076","50303","Technical"
"2077","41001","General Science"
"2078","30104","Visual Arts"
"2079","9080103","Motor Vehicle Mech."
"2080","10504","Agriculture"
"2081","30402","Visual Arts"
"2082","10214","Home Economics"
"2083","40201","General Science"
"2084","9090101","Fashion Design"
"2085","60602","Technical"
"2086","70102","Technical"
"2087","50603","Business"
"2088","10104","General Science"
"2089","70202","Business"
"2090","9021501","Catering"
"2091","70802","General Science"
"2092","61002","Agriculture"
"2093","9010103","Technical"
"2094","61004","Agriculture"
"2095","70705","Agriculture"
"2096","60203","General Science"
"2097","9090401","Welding & Fabrication"
"2098","10120","General Arts"
"2099","70302","Visual Arts"
"2100","9021101","Motor Vehicle Mech."
"2101","90301","General Science"
"2102","70507","Business"
"2103","30503","Business"
"2104","70201","Agriculture"
"2105","70505","Business"
"2106","61005","Business"
"2107","9070501","Accounting"
"2108","9010113","Motor Vehicle Mech."
"2109","21305","Visual Arts"
"2110","20609","Home Economics"
"2111","50109","General Science"
"2112","70907","Business"
"2113","10403","Home Economics"
"2114","9010109","Catering"
"2115","9010201","Printing"
"2116","10138","Business"
"2117","40601","Visual Arts"
"2118","50604","General Arts"
"2119","71104","Technical"
"2120","9021002","Electrical Installation Works"
"2121","30107","Visual Arts"
"2122","10105","Agriculture"
"2123","71001","General Science"
"2124","70701","General Science"
"2125","41102","Home Economics"
"2126","60304","Agriculture"
"2127","70705","Technical"
"2128","9010104","Electrical Installation Works"
"2129","60103","General Arts"
"2130","70605","Agriculture"
"2131","9010103","Electrical Mach. Rew."
"2132","51603","General Science"
"2133","71102","Visual Arts"
"2134","9080901","Carpentry & Joinery"
"2135","60203","Business"
"2136","60802","Business"
"2137","40106","General Science"
"2138","60702","Visual Arts"
"2139","70119","General Arts"
"2140","80602","Agriculture"
"2141","50102","Visual Arts"
"2142","70804","General Arts"
"2143","60202","Home Economics"
"2144","10126","Business"
"2145","10135","Business"
"2146","71104","Home Economics"
"2147","51206","Business"
"2148","60503","General Arts"
"2149","70403","Agriculture"
"2150","20701","Home Economics"
"2151","70403","Business"
"2152","81101","Agriculture"
"2153","21505","Agriculture"
"2154","51004","Agriculture"
"2155","51103","Agriculture"
"2156","40801","General Science"
"2157","31206","Visual Arts"
"2158","10105","Business"
"2159","30104","General Science"
"2160","21005","General Science"
"2161","60401","Technical"
"2162","81102","Home Economics"
"2163","60204","General Arts"
"2164","71008","Agriculture"
"2165","9080103","Electrical Installation Works"
"2166","20804","Home Economics"
"2167","80602","Home Economics"
"2168","9010102","Catering"
"2169","70606","Agriculture"
"2170","70109","General Science"
"2171","51601","General Science"
"2172","9020101","Plumbing & Gas Fitting"
"2173","20609","General Arts"
"2174","70907","General Arts"
"2175","51605","General Arts"
"2176","10142","General Science"
"2177","9010117","Fashion Design"
"2178","10111","General Science"
"2179","21601","Agriculture"
"2180","70202","Technical"
"2181","9050103","Catering"
"2182","9100101","Motor Vehicle Mech."
"2183","9070901","Agric. Mechanics"
"2184","40906","Business"
"2185","80302","Home Economics"
"2186","9020102","Catering"
"2187","10133","Business"
"2188","21010","Business"
"2189","20305","General Arts"
"2190","9021401","Electrical Installation Works"
"2191","21007","Visual Arts"
"2192","10509","Business"
"2193","21303","General Science"
"2194","10102","Visual Arts"
"2195","9050103","Fashion Design"
"2196","9010301","Radio, TV & Electronics"
"2197","20204","Business"
"2198","9020901","Block Laying & Concreting"
"2199","30906","Agriculture"
"2200","70607","Agriculture"
"2201","50804","General Arts"
"2202","80202","Technical"
"2203","9010201","Carpentry & Joinery"
"2204","60605","Agriculture"
"2205","51003","General Science"
"2206","70116","General Arts"
"2207","70806","Business"
"2208","81201","General Science"
"2209","9040301","Block Laying & Concreting"
"2210","70303","Technical"
"2211","70108","Agriculture"
"2212","80110","General Arts"
"2213","10140","General Arts"
"2214","60504","Technical"
"2215","90502","Agriculture"
"2216","51702","General Arts"
"2217","9060901","Carpentry & Joinery"
"2218","21307","Home Economics"
"2219","20701","Agriculture"
"2220","10301","General Science"
"2221","61102","General Arts"
"2222","9090401","Motor Vehicle Mech."
"2223","41002","General Arts"
"2224","9010106","Motor Vehicle Mech."
"2225","9050101","Refrigeration & Air Cond."
"2226","51205","Technical"
"2227","70114","General Arts"
"2228","50705","Business"
"2229","70204","Visual Arts"
"2230","9030101","Plumbing & Gas Fitting"
"2231","70111","Agriculture"
"2232","9071001","Motor Vehicle Mech."
"2233","9071002","Fashion Design"
"2234","70105","General Science"
"2235","9070901","Block Laying & Concreting"
"2236","60105","General Science"
"2237","20802","General Arts"
"2238","50119","Business"
"2239","9021401","Motor Vehicle Mech."
"2240","9090101","Motor Vehicle Mech."
"2241","70111","Home Economics"
"2242","60206","Visual Arts"
"2243","9010202","Fashion Design"
"2244","30606","Home Economics"
"2245","71002","Home Economics"
"2246","30403","Home Economics"
"2247","90506","Business"
"2248","80701","General Science"
"2249","9021201","Catering"
"2250","9070901","Fashion Design"
"2251","30108","General Arts"
"2252","61102","Home Economics"
"2253","61204","Technical"
"2254","70804","Visual Arts"
"2255","9051801","Electrical Installation Works"
"2256","9030501","Catering"
"2257","9010202","Catering"
"2258","71007","General Arts"
"2259","70505","Visual Arts"
"2260","50147","General Arts"
"2261","80502","Home Economics"
"2262","21003","Agriculture"
"2263","20302","General Science"
"2264","10135","General Arts"
"2265","70608","General Arts"
"2266","9100102","Fashion Design"
"2267","60603","Agriculture"
"2268","21307","Visual Arts"
"2269","9020301","Fashion Design"
"2270","60107","General Science"
"2271","9050106","Fashion Design"
"2272","40110","Visual Arts"
"2273","10214","Technical"
"2274","21008","Home Economics"
"2275","21101","General Science"
"2276","30907","Home Economics"
"2277","21403","Agriculture"
"2278","10508","General Arts"
"2279","20105","Visual Arts"
"2280","50114","Visual Arts"
"2281","9050106","Hair Dressing"
"2282","90506","General Arts"
"2283","50305","Home Economics"
"2284","9080103","Block Laying & Concreting"
"2285","9071002","Catering"
"2286","71002","Technical"
"2287","9050105","Catering"
"2288","10110","Agriculture"
"2289","80602","General Arts"
"2290","20410","Agriculture"
"2291","60704","Agriculture"
"2292","9010117","Secretarial"
"2293","10149","Visual Arts"
"2294","9010117","Home Economics"
"2295","9010201","Block Laying & Concreting"
"2296","10213","General Science"
"2297","90504","General Arts"
"2298","71103","General Science"
"2299","9090401","Carpentry & Joinery"
"2300","51101","General Science"
"2301","9030401","Agric. Mechanics"
"2302","70103","General Arts"
"2303","60108","Business"
"2304","80802","Technical"
"2305","21403","Technical"
"2306","50305","General Arts"
"2307","90507","General Arts"
"2308","90507","Home Economics"
"2309","90504","Visual Arts"
"2310","21306","Business"
"2311","71202","Technical"
"2312","10123","Visual Arts"
"2313","80702","Agriculture"
"2314","9010113","Electrical Installation Works"
"2315","9020901","Carpentry & Joinery"
"2316","10214","Business"
"2317","60602","General Arts"
"2318","50902","Agriculture"
"2319","60704","General Arts"
"2320","70103","Business"
"2321","9010103","Diesel Mech/Heavy Duty"
"2322","9010103","Motor Vehicle Mech."
"2323","9080901","Motor Vehicle Mech."
"2324","71104","Agriculture"
"2325","20609","Visual Arts"
"2326","70107","Home Economics"
"2327","70509","Business"
"2328","10402","General Arts"
"2329","60605","General Arts"
"2330","50139","General Science"
"2331","71104","Visual Arts"
"2332","61203","Visual Arts"
"2333","9020501","Catering"
"2334","30404","General Arts"
"2335","9010102","Secretarial"
"2336","9071002","Block Laying & Concreting"
"2337","9040103","Hair Dressing"
"2338","9100101","Block Laying & Concreting"
"2339","40602","Agriculture"
"2340","51204","General Science"
"2341","9010118","Motor Vehicle Mech."
"2342","10146","Business"
"2343","70119","Technical"
"2344","10141","Business"
"2345","9070901","Catering"
"2346","51702","Business"
"2347","30501","Agriculture"
"2348","20406","Home Economics"
"2349","9080103","Catering"
"2350","9030401","Furniture Craft"
"2351","50305","Technical"
"2352","40802","Business"
"2353","9010108","Catering"
"2354","50141","General Arts"
"2355","9010301","Accounting"
"2356","50128","Technical"
"2357","9010110","Catering"
"2358","9071002","Carpentry & Joinery"
"2359","71009","Agriculture"
"2360","21203","Technical"
"2361","51204","Visual Arts"
"2362","50117","General Arts"
"2363","60706","Technical"
"2364","51004","Technical"
"2365","9010202","Home Economics"
"2366","21403","Home Economics"
"2367","10124","Home Economics"
"2368","60504","Agriculture"
"2369","70605","General Science"
"2370","9060102","Electrical Installation Works"
"2371","60203","Visual Arts"
"2372","60605","Visual Arts"
"2373","70608","Business"
"2374","10125","Business"
"2375","9090101","Painting & Decorating"
"2376","9010117","Block Laying & Concreting"
"2377","9010101","Motor Vehicle Mech."
"2378","90404","General Arts"
"2379","9020501","Fashion Design"
"2380","70106","Agriculture"
"2381","9070501","Carpentry & Joinery"
"2382","10125","Visual Arts"
"2383","50139","Visual Arts"
"2384","9080103","Carpentry & Joinery"
"2385","50133","General Arts"
"2386","50804","Business"
"2387","10206","General Arts"
"2388","9050105","Hair Dressing"
"2389","9051801","Carpentry & Joinery"
"2390","90201","General Science"
"2391","9040102","Catering"
"2392","9020103","Electrical Installation Works"
"2393","50902","General Arts"
"2394","9010202","Block Laying & Concreting"
"2395","30604","Business"
"2396","80702","Home Economics"
"2397","9021002","Fashion Design"
"2398","30204","Business"
"2399","21406","Business"
"2400","9021401","Carpentry & Joinery"
"2401","9010203","Catering"
"2402","50116","Business"
"2403","9010118","Electrical Mach. Rew."
"2404","9010202","Carpentry & Joinery"
"2405","20107","Business"
"2406","10122","Business"
"2407","40802","General Arts"
"2408","50121","General Arts"
"2409","9100101","Mech. Eng. Craft Pract."
"2410","41001","Agriculture"
"2411","9010112","Fashion Design"
"2412","90404","Home Economics"
"2413","10204","General Arts"
"2414","10509","Visual Arts"
"2415","10212","General Arts"
"2416","80702","Technical"
"2417","9050107","Catering"
"2418","9080901","Block Laying & Concreting"
"2419","9090401","Painting & Decorating"
"2420","9050107","Furniture Craft"
"2421","61004","Business"
"2422","30108","Visual Arts"
"2423","90404","Agriculture"
"2424","9070601","Furniture Craft"
"2425","10138","General Arts"
"2426","9021501","Fashion Design"
"2427","60704","Business"
"2428","9071001","Accounting"
"2429","10143","General Arts"
"2430","9010202","Mech. Eng. Craft Pract."
"2431","20108","General Arts"
"2432","10123","Home Economics"
"2433","9070901","Carpentry & Joinery"
"2434","30604","General Arts"
"2435","51205","Visual Arts"
"2436","10218","Business"
"2437","50121","Business"
"2438","9071001","Electrical Installation Works"
"2439","9030101","Electrical Installation Works"
"2440","60706","General Arts"
"2441","50117","Business"
"2442","9060901","Motor Vehicle Mech."
"2443","9010204","Fashion Design"
"2444","50126","Business"
"2445","21306","Home Economics"
"2446","31205","Home Economics"
"2447","70116","Technical"
"2448","9050105","Fashion Design"
"2449","31103","General Arts"
"2450","61203","Business"
"2451","9010110","Fashion Design"
"2452","10214","General Arts"
"2453","60403","General Science"
"2454","51302","General Arts"
"2455","50142","Visual Arts"
"2456","9030301","Home Economics"
"2457","10123","General Science"
"2458","9010115","Fashion Design"
"2459","10131","Home Economics"
"2460","9060901","Block Laying & Concreting"
"2461","9010119","Fashion Design"
"2462","9070601","Secretarial"
"2463","9010301","Mech. Eng. Craft Pract."
"2464","40604","Agriculture"
"2465","9100201","Block Laying & Concreting"
"2466","50205","General Arts"
"2467","9020101","Mech. Eng. Craft Pract."
"2468","9010114","Fashion Design"
"2469","9010116","Catering"
"2470","30404","Visual Arts"
"2471","50706","Home Economics"
"2472","10509","Home Economics"
"2473","10148","General Arts"
"2474","50145","General Arts"
"2475","9050103","Hair Dressing"
"2476","9010119","Business"
"2477","20107","Home Economics"
"2478","10215","Business"
"2479","9010105","Electrical Mach. Rew."
"2480","9010103","General Arts"
"2481","50129","General Arts"
"2482","10138","Visual Arts"
"2483","9051801","Block Laying & Concreting"
"2484","9020101","Fashion Design"
"2485","100401","Agriculture"
"2486","10218","General Arts"
"2487","9100501","Electrical Mach. Rew."
"2488","9060502","Carpentry & Joinery"
"2489","10116","General Science"
"2490","80502","Technical"
"2491","50129","Visual Arts"
"2492","60705","General Arts"
"2493","50141","Business"
"2494","9060202","Electrical Installation Works"
"2495","70606","General Arts"
"2496","31103","Business"
"2497","10123","Business"
"2498","9010101","Refrigeration & Air Cond."
"2499","51004","General Science"
"2500","9080901","Fashion Design"
"2501","70805","Agriculture"
"2502","9030501","Home Economics"
"2503","9010114","Secretarial"
"2504","41102","General Science"
"2505","9010118","Block Laying & Concreting"
"2506","9010103","Carpentry & Joinery"
"2507","9010103","Electrical Installation Works"
"2508","9010103","Refrigeration & Air Cond."
"2509","10206","General Science"
"2510","9010301","Secretarial"
"2511","50112","General Arts"
"2512","10214","General Science"
"2513","10124","General Arts"
"2514","30907","Business"
"2515","10146","General Arts"
"2516","50206","General Science"
"2517","10140","General Science"
"2518","50143","Visual Arts"
"2519","30906","General Science"
"2520","60701","Agriculture"
"2521","50133","Business"
"2522","20105","General Science"
"2523","30904","General Science"
"2524","10128","General Science"
"2525","10403","General Science"
"2526","100103","Agriculture"
"2527","60103","General Science"
"2528","50604","General Science"
"2529","20107","General Arts"
"2530","10144","General Arts"
"2531","10148","Business"
"2532","10144","General Science"
"2533","100103","Business"
"2534","9021001","Electrical Installation Works"
"2535","9080901","Radio, TV & Electronics"
"2536","20502","Agriculture"
"2537","10511","Home Economics"
"2538","21304","Visual Arts"
"2539","51203","General Science"
"2540","40904","Visual Arts"
"2541","10206","Agriculture"
"2542","70605","Business"
"2543","70116","Business"
"2544","10131","Visual Arts"
"2545","50136","General Arts"
"2546","9080901","Electrical Installation Works"
"2547","50143","Business"
"2548","9010202","Visual Arts"
"2549","10149","Home Economics"
"2550","9060502","Block Laying & Concreting"
"2551","71104","Business"
"2552","10123","General Arts"
"2553","30907","Agriculture"
"2554","60202","Agriculture"
"2555","9010113","Electrical Mach. Rew."
"2556","9010103","Visual Arts"
"2557","9060201","Catering"
"2558","90507","Visual Arts"
"2559","9080901","Mech. Eng. Craft Pract."
"2560","9080103","Radio, TV & Electronics"
"2561","90403","Home Economics"
"2562","10149","General Arts"
"2563","9010203","Fashion Design"
"2564","9100101","Painting & Decorating"
"2565","9100501","Motor Vehicle Mech."
"2566","50125","Business"
"2567","9100401","Fashion Design"
"2568","70110","Business"
"2569","71009","Visual Arts"
"2570","9010103","Welding & Fabrication"
"2571","60101","Carpentry & Joinery"
"2572","50131","General Arts"
"2573","70805","General Arts"
"2574","9070701","Block Laying & Concreting"
"2575","70806","General Arts"
"2576","9010203","Home Economics"
"2577","9050104","Plumbing & Gas Fitting"
"2578","9010201","Radio, TV & Electronics"
"2579","10506","General Arts"
"2580","9010115","Home Economics"
"2581","20107","Visual Arts"
"2582","50128","General Arts"
"2583","50131","Business"
"2584","9010101","Painting & Decorating"
"2585","50901","Business"
"2586","100303","General Arts"
"2587","10212","Home Economics"
"2588","9010103","Auto Body Works"
"2589","9080103","Mech. Eng. Craft Pract."
"2590","9060501","Carpentry & Joinery"
"2591","70113","Visual Arts"
"2592","30602","General Arts"
"2593","9100102","Catering"
"2594","9021001","Fashion Design"
"2595","9060201","Hair Dressing"
"2596","50125","General Arts"
"2597","9071001","Welding & Fabrication"
"2598","9070601","Plumbing & Gas Fitting"
"2599","9100501","Welding & Fabrication"
"2600","50139","Fashion Design"
"2601","9010118","General Arts"
"2602","21403","General Arts"
"2603","9010113","Technical"
"2604","50705","Visual Arts"
"2605","9080102","Fashion Design"
"2606","9010116","Secretarial"
"2607","9010118","Refrigeration & Air Cond."
"2608","10509","Technical"
"2609","9010111","Catering"
"2610","9050107","Block Laying & Concreting"
"2611","30602","Visual Arts"
"2612","9010111","Business"
"2613","9030501","Fashion Design"
"2614","9010118","Carpentry & Joinery"
"2615","9050104","Block Laying & Concreting"
"2616","9021501","Home Economics"
"2617","50139","Agriculture"
"2618","10215","General Arts"
"2619","100503","General Science"
"2620","20108","Business"
"2621","21303","Technical"
"2622","10147","General Science"
"2623","9010120","Radio, TV & Electronics"
"2624","20408","Home Economics"
"2625","21504","Technical"
"2626","50141","General Science"
"2627","60107","Agriculture"
"2628","9050101","Diesel Mech/Heavy Duty"
"2629","20406","Business"
"2630","50129","Technical"
"2631","50115","Agriculture"
"2632","50120","Business"
"2633","50137","General Arts"
"2634","20106","General Science"
"2635","9010116","Fashion Design"
"2636","50135","Home Economics"
"2637","30204","General Arts"
"2638","60107","Home Economics"
"2639","9060901","Mech. Eng. Craft Pract."
"2640","9080102","Agric. Mechanics"
"2641","9040102","Hair Dressing"
"2642","9010114","Home Economics"
"2643","9050104","Carpentry & Joinery"
"2644","9010501","Painting & Decorating"
"2645","9030501","Hair Dressing"
"2646","9010108","Business"
"2647","9010204","Home Economics"
"2648","30702","Visual Arts"
"2649","9010108","Home Economics"
"2650","9010107","Home Economics"
"2651","70108","Home Economics"
"2652","10510","General Arts"
"2653","9010501","Textiles"
"2654","71003","Business"
"2655","70606","Business"
"2656","10149","Business"
"2657","9010103","Mech. Eng. Craft Pract."
"2658","71006","Agriculture"
"2659","50132","General Arts"
"2660","30504","Technical"
"2661","9060201","Fashion Design"
"2662","9010111","General Arts"
"2663","60303","Business"
"2664","9051001","Fashion Design"
"2665","50136","Business"
"2666","9060901","Small Eng. Repairs"
"2667","9080103","Fashion Design"
"2668","9010104","Electrical Mach. Rew."
"2669","20607","Visual Arts"
"2670","9060202","Block Laying & Concreting"
"2671","9010202","Electrical Installation Works"
"2672","51301","Agriculture"
"2673","50145","Business"
"2674","50142","Home Economics"
"2675","9020103","Motor Vehicle Mech."
"2676","9100401","Catering"
"2677","80102","Visual Arts"
"2678","10212","Business"
"2679","9051001","Catering"
"2680","10510","Business"
"2681","9071001","Painting & Decorating"
"2682","10216","General Arts"
"2683","9010110","Home Economics"
"2684","9090101","Radio, TV & Electronics"
"2685","9040102","Home Economics"
"2686","30402","Agriculture"
"2687","70112","General Arts"
"2688","10506","Agriculture"
"2689","50803","General Arts"
"2690","9010202","Technical"
"2691","9050107","Carpentry & Joinery"
"2692","50116","Agriculture"
"2693","10509","General Science"
"2694","10146","General Science"
"2695","60302","Business"
"2696","9010301","Motor Vehicle Mech."
"2697","10506","Home Economics"
"2698","9010101","Secretarial"
"2699","60402","Visual Arts"
"2700","80103","General Arts"
"2701","60705","Technical"
"2702","50128","General Science"
"2703","9021001","Technical"
"2704","9020103","Electrical Mach. Rew."
"2705","21403","Visual Arts"
"2706","9010103","Block Laying & Concreting"
"2707","9010111","Motor Vehicle Mech."
"2708","10126","General Arts"
"2709","9021501","General Arts"
"2710","50145","Visual Arts"
"2711","70206","Agriculture"
"2712","20702","Business"
"2713","9020901","Painting & Decorating"
"2714","50136","Visual Arts"
"2715","9100102","Textiles"
"2716","9021002","Block Laying & Concreting"
"2717","50605","Technical"
"2718","9021001","Motor Vehicle Mech."
"2719","9100501","Block Laying & Concreting"
"2720","9080102","Block Laying & Concreting"
"2721","30403","Business"
"2722","9051001","Hair Dressing"
"2723","9010103","Business"
"2724","9010119","Home Economics"
"2725","9010501","Catering"
"2726","9010103","Agric. Mechanics"
"2727","50706","General Arts"
"2728","31102","Home Economics"
"2729","50142","Business"
"2730","70111","General Arts"
"2731","9060102","Motor Vehicle Mech."
"2732","71003","Technical"
"2733","9010103","Industrial Mechanics"
"2734","20305","General Science"
"2735","10147","Business"
"2736","10101","Technical"
"2737","61201","Agriculture"
"2738","10134","Business"
"2739","51401","Home Economics"
"2740","9010501","Electrical Installation Works"
"2741","71104","General Science"
"2742","9070701","General Arts"
"2743","10118","Technical"
"2744","61203","Agriculture"
"2745","50307","Technical"
"2746","9010301","Business"
"2747","90202","Agriculture"
"2748","10128","Agriculture"
"2749","51801","Agriculture"
"2750","50602","Technical"
"2751","9021002","Mech. Eng. Craft Pract."
"2752","40108","Business"
"2753","9010115","Visual Arts"
"2754","100104","Business"
"2755","30701","Agriculture"
"2756","70117","Technical"
"2757","9050101","Furniture Craft"
"2758","70117","General Arts"
"2759","20108","Home Economics"
"2760","70117","Agriculture"
"2761","70112","Home Economics"
"2762","71001","Visual Arts"
"2763","70117","Business"
"2764","20108","General Science"
"2765","10126","General Science"
"2766","10503","General Arts"
"2767","10302","Visual Arts"
"2768","10208","Visual Arts"
"2769","10208","General Arts"
"2770","21406","General Arts"
"2771","10203","Technical"
"2772","20407","General Arts"
"2773","10109","General Arts"
